id,title,subsystem,severity,status,fork_branch_or_commit,former_oss_pr,verification
CI-WARM,"ci(nix): key Bazel-Dev lane to hermetic toolchain identity (fixes 0 cache hits)",ci/nix,n/a,OPEN on OSS (ready for review),ci/bazel-dev-warming@0273fade,TraceMachina#2874,"aquery byte-identical key-match; live 0->18 hits; warm ~12m->4-6m PROJECTED (anchored to Native lane measured 68%), needs 1 upstream warmer line"
WORKER-MEM,"cgroup reclaimable page cache counted as used -> false memory pressure -> workers pause (THE P0 root cause; stays-fixed vs restart)",worker/capacity.rs,P1,held on fork (verified; surgical),b7r6/worker-free-memory-reclaimable-cache@12e69b38,-,"limited branch limit-(current-inactive_file); sibling-inconsistency; fails-without on incident's exact cgroup numbers; capacity_test 13/13; v1.7.3 + fleet affected"
N13,"Short/torn/ABORTED ByteStream uploads committed as complete + dishonest QueryWriteStatus",service/bytestream + store/filesystem,P1,held on fork (disclosure coord TRA-1373/1376),b7r6/cas-integrity-unified@92013ba764,"withdrawn (was 1.7.3 PR cand)","3-layer defense: handler reject + store commit-point ExactSize guard + honest QueryWriteStatus; abort-path fails-without PROVEN; 54+34 green; v1.7.3 + fleet affected"
N14,"Cancelled upload strands FindMissingBlobs waiters to client deadline (build-disruptor)",store/fast-slow in-flight-write map,MEDIUM,held on fork (verified),b7r6/fastslow-inflight-waiter-fresh-upload@a2a99518,-,"watch-channel digest-keyed slot; any writer's completion wakes all waiters; fails-without proven; closes N8/#2860 sibling; v1.7.3 affected"
SCHED-D,"Lost/undecodable QUEUED records counted-never-deleted -> queue grows forever, scheduler count stays accurate",scheduler/redis awaited-action-db,MEDIUM,held on fork (verified),b7r6/scheduler-redis-deletes-lost-queued-records@ad2e2c61,-,"picture-perfect repro + healthy-contrast control; fail-safe 3-guard delete (keepalive-key absent + version-unchanged + opt-in); fails-without; redis/v1.7.3; A/B/C already fixed by upstream #2794/#2803"
FLEET-R2,"Cold large-tree BatchReadBlobs 30s per-blob timeout under R2 writeback backfill",store/fast-slow + r2 slow tier,MED-HIGH,cataloged (robustness item, non-blocking),-,-,"server logs clean; fast-tier cold-miss -> R2 fetch exceeds client 30s deadline under concurrent backfill; reproducible on 1.6.3 baseline"
B01,"Same-id worker re-registration strands old incarnation's running ops (no requeue)",scheduler/worker-registry,P1,"verified; WITHDRAWN from OSS, held on fork",fix/worker-replacement-evicts,was #2833,fails-without proven
B02,"Client keep-alive stamp lost racing a worker's versioned state write (lost-update)",scheduler/awaited-action-db,P1,"verified; WITHDRAWN from OSS, held on fork",fix/keepalive-versioned-writes,was #2834,fails-without proven
B03,"Worker liveness not re-checked under eviction lock (keepalive TOCTOU)",scheduler/worker-scheduler,P1,"verified; WITHDRAWN from OSS, held on fork",fix/eviction-rechecks-heartbeat,was #2835,fails-without proven
B04,"Matching-engine task not gated on construction (startup race)",scheduler/matching-engine,P1,"verified; WITHDRAWN from OSS, held on fork",fix/matching-engine-startup,was #2836,fails-without proven
B05,"Failed client-keepalive write still advances local timestamp (fake liveness)",scheduler/awaited-action-db,P1,"verified; WITHDRAWN from OSS, held on fork",fix/store-keepalive-retry,was #2837,fails-without proven
B06,"Dispatch identity not re-validated before killing a revoked op (TOCTOU)",scheduler/worker-scheduler,P1,"verified; WITHDRAWN from OSS, held on fork",fix/kill-revoked-revalidates,was #2838,fails-without proven
B07,"Kill received before action registration completes is dropped (N1)",worker/running-actions,P1,"verified; WITHDRAWN from OSS, held on fork",fix/n1-kill-before-registration,was #2849,fails-without proven
B08,"Same-worker re-dispatch double-charges resource budget, leaks capacity (N2)",scheduler/worker,P1,"verified; WITHDRAWN from OSS, held on fork",fix/n2-same-worker-redispatch,was #2850,fails-without proven
B09,"Stale placement dispatches escalated action with old smaller reservation (N3)",scheduler/state-manager,P1,"verified; WITHDRAWN from OSS, held on fork",fix/n3-placement-version,was #2851,fails-without proven
B10,"Redis pub/sub subscriptions silently lost on reconnect/transient init error",store/redis,P1,"verified; WITHDRAWN from OSS, held on fork",fix/redis-subscription-lifecycle,was #2839,fails-without proven
B11,"Batch size/existence query mass-evicts every resident entry (has() cascade)",store/evicting-map,P1,"verified; WITHDRAWN from OSS, held on fork",fix/evicting-map-batch-eviction,was #2840,fails-without proven
B12,"get_part returns truncated/torn blobs as success; has() not atomic",store/redis,P1,"verified; WITHDRAWN from OSS, held on fork",fix/redis-read-integrity,was #2841,fails-without proven
B13,"Non-refcounted remove-callback pause + get_part resurrection (closes N4+N5)",store/existence-cache,P1,"verified; WITHDRAWN from OSS, held on fork",fix/existence-cache-pause,was #2842,fails-without proven
B14,"try_subscribe returns completed record over live successor -> recreated op (N7)",scheduler/awaited-action-db,P2,"verified; WITHDRAWN from OSS, held on fork",fix/awaited-action-prefer-live,was #2853,fails-without proven
B15,"N4/N5 interleavings (reconciled into #2842)",store/existence-cache,P1/P2,reconciled into B13/#2842 (no separate PR),-,-,covered by B13 refcount + get_part pause
B16,"#2842 pause drop-guard discarded pending-removal vector -> invalidation lost forever",store/existence-cache,P2,"verified; WITHDRAWN from OSS, held on fork",fix/existence-cache-pause,was #2842,"fails-without (Astra paper-audit residual); Drop now drains queued removals"
D1,"DedupStore::get_part serves truncated/torn chunk as Ok (or panics)",store/dedup-store,P1,"verified; WITHDRAWN from OSS, held on fork",pr/worker-cleanup-guard,was #2852,fails-without proven
N8,"CacheLookupScheduler coalescing drop-guard clobbers a concurrent same-key entry",scheduler/cache-lookup,P2,"verified; WITHDRAWN from OSS, held on fork",b7r6/cachelookup-scopeguard-stale-remove,was #2860,"fails-without deterministic (tx hung up); ScopeGuard::into_inner defuse"
N9,"GrpcStore::get_part bounded-read resume over-reads (read_limit not decremented)",store/grpc-store,P2,"verified; WITHDRAWN from OSS, held on fork",b7r6/grpc-read-limit-resume,was #2861,fails-without (left:10 right:7)
N10,"S3/R2/ONTAP/GCS get_part HTTP inclusive-range off-by-one over-read (+1 byte)",store/s3+r2+ontap+gcs,P2,"verified; WITHDRAWN from OSS, held on fork",b7r6/s3-range-off-by-one-overread,was #2868,"fails-without; all 4 cloud backends; GCS confirmed from crate source"
N11,"ExperimentalMongoStore::update commits truncated blob on mid-stream Err",store/mongo-experimental,P2,"verified; WITHDRAWN from OSS, held on fork",b7r6/mongo-update-truncated-on-stream-error,was #2869,fails-without proven; mongo suite 17 passed
N12,"ExperimentalMongoStore::update_data version-CAS conflict returns Err not retryable Ok(None)",store/mongo-experimental,P2,held on fork (confirmed; fix+regression staged),b7r6/mongo-update-data-upsert-defeats-version-cas,-,"fails-without staged; fix .upsert(current_version==0)"
TL1,"Keepalive stamped after inner.lock (held across await) -> false Stale eviction under load",scheduler/api-worker-scheduler,P1,"verified; WITHDRAWN from OSS, held on fork",b7r6/tl1-keepalive-liveness-starvation,was #2867,"2 fails-without (monotone + decoupling halves); loaded-runtime soak = frontier follow-up"
W1,"max_upload_timeout is a cooperative soft-deadline, not a hard cancel (fd/task leak)",worker/upload-timeout,P2,confirmed; RFC/structural (no point fix),-,-,structural (store cancellation semantics)
W2,"upload_file trusts has()==Some as proof of complete content (TOCTOU, amplified by W1)",worker/upload-file,P2,confirmed; RFC/structural (contingent),-,-,contingent on store has/update atomicity
W3,"wait_for_cleanup stale-dir removal TOCTOU",worker/running-actions-cleanup,-,non-finding (already fixed upstream),-,-,no PR (dedup saved)
W4,"Redis chunked get_part tears on same-/shorter-length replacement at a chunk boundary",store/redis,P2,confirmed + reachable; RFC/structural (reproduction pins it),fork#5 aff1449c,-,"needs atomic whole-range read or per-value versioning (not a length patch)"
E1,"S3 multipart part size 5MiB floor -> excessive parts; bound multipart memory (64MiB)",store/s3,P2,"WITHDRAWN from OSS, held on fork",pr/s3-multipart-64mib,was #2813,-
E2,"Fail fast on a dead shard-ring peer instead of wedging every RPC",store/shard,P2,"WITHDRAWN from OSS, held on fork",pr/shard-ring-dead-peer,was #2814,-
E3,"CompletenessCheckingStore propagate backend errors instead of serving as misses",store/completeness,P2,"WITHDRAWN from OSS, held on fork",pr/completeness-error-propagation,was #2815,-
E4,"Map transport-originated Unknown to retryable Unavailable",transport,P2,"WITHDRAWN from OSS, held on fork",pr/transport-unknown-retryable,was #2816,-
E5,"Add --check: offline config validation of store/scheduler references",config,P3,"WITHDRAWN from OSS, held on fork",pr/config-check-flag,was #2817,-
E6,"Split gRPC write requests over the 4MiB message limit",store/grpc-store,P2,"WITHDRAWN from OSS (upstream supersedes)",fix/grpc-write-chunk-limit,was #2659,dropped (upstream chunk-limit landed)
FUZZER,"Deterministic simulation fuzzing for SimpleScheduler (DST harness)",scheduler/test-harness,tool,"WITHDRAWN from OSS, held on fork",pr/scheduler-race-fuzzer,was #2831,-
DOCS,"NativeLink Operator & Contributor Guide (mdbook)",docs,-,"WITHDRAWN from OSS, held on fork",docs/operator-contributor-guide,was #2854,-
RECHAOS,"Black-box REAPI adversarial fuzz + determinism toolkit (public)",tooling,tool,PUBLIC (github.com/b7r6/rechaos),-,-,"the instrument that found N13/N14/CAS-integrity; shared to the field"
